backend,model,quant,scenario,assertionsPassed,assertionsFailed,errored,toolCallCount,verdict,toolTP,toolFP,toolFN,precision,recall,f1
,,,01-now,1,1,false,6,partial,1,0,0,1.0000,1.0000,1.0000
,,,02-calc,1,1,false,6,partial,1,0,0,1.0000,1.0000,1.0000
,,,03-read,1,1,false,6,partial,1,0,0,1.0000,1.0000,1.0000
,,,04-list,0,2,false,0,fail,0,0,1,0.0000,0.0000,0.0000
,,,meeting-notes-summary,2,2,false,12,partial,2,0,0,1.0000,1.0000,1.0000
,,,shopping-list-budget,3,2,false,20,partial,2,0,0,1.0000,1.0000,1.0000
,,,parallel-readme-comparison,2,1,false,18,partial,1,0,0,1.0000,1.0000,1.0000
,,,oversize-tool-output,0,3,false,0,fail,0,0,1,0.0000,0.0000,0.0000
,,,structured-json-extraction,0,1,false,0,fail,0,0,0,0.0000,0.0000,0.0000
